{
  "dev": {
    "awscloudformation": {
      "AuthRoleName": "amplify-calbuddy-dev-155953-authRole",
      "UnauthRoleArn": "arn:aws:iam::187082832015:role/amplify-calbuddy-dev-155953-unauthRole",
      "AuthRoleArn": "arn:aws:iam::187082832015:role/amplify-calbuddy-dev-155953-authRole",
      "Region": "us-east-1",
      "DeploymentBucketName": "amplify-calbuddy-dev-155953-deployment",
      "UnauthRoleName": "amplify-calbuddy-dev-155953-unauthRole",
      "StackName": "amplify-calbuddy-dev-155953",
      "StackId": "arn:aws:cloudformation:us-east-1:187082832015:stack/amplify-calbuddy-dev-155953/c96f6a70-7054-11ee-a711-12cead74dd79",
      "AmplifyAppId": "d3s7ws9ahhtljw"
    },
    "categories": {
      "hosting": {
        "amplifyhosting": {
          "appId": "d3s7ws9ahhtljw",
          "type": "cicd"
        }
      },
      "auth": {
        "calbuddy19c026db": {}
      }
    }
  }
}